,DT operation,C141 operation,C122 bottom temperature,C121 #48 Temperature Control Point,F121 CLO circulation flow,F121outlet temperature,F121 NG consumption,F121 Oxygen content %
,,,TR122-11,TC121-09,,TC121-72,FC121-57,XE121-69
2025/1/1,0.9,0.83,304.9,206.3,51.8,336.5,282.6,6.3
2025/1/2,0.8,0.58,303.5,207.3,51.8,334.4,268.3,7.2
2025/1/3,0.9,0.49,302.8,207.3,52.1,332,267.7,7.5
2025/1/4,0.9,0.81,305.3,207.1,52,336.4,285.7,6.3
2025/1/5,0.9,0.8,305.4,207.1,52,336.4,282,6.5
2025/1/6,0.8,0.81,305,205.4,51.8,336.5,282.1,6.5
2025/1/7,0.9,0.81,304.7,207,51.7,336.4,287.7,6.2
2025/1/8,0.9,0.83,305,207,51.7,336.3,283.9,6.4
2025/1/9,0.8,0.84,305.3,206.5,51.7,336.6,282,6.6
2025/1/10,0.9,0.84,304.6,206.7,51.6,336.7,283.1,6.8
2025/1/11,0.8,0.85,304.5,207.6,51.6,335.9,287.8,6.5
2025/1/12,0.8,0.83,304.6,206.5,51.6,336.2,288.1,6.6
2025/1/13,0.8,0.84,304.8,207.1,51.5,336.6,289.8,6.5
2025/1/14,0.9,0.84,305.1,207.2,51.6,336.7,286,6.7
2025/1/15,0.9,0.82,305.2,206.6,51.5,337.5,295.2,6.2
2025/1/16,0.9,0.81,304.3,207.1,51.5,337,289.9,6.6
2025/1/17,0.9,0.81,303.9,206.4,51.4,336.7,287.4,6.7
2025/1/18,0.9,0.81,304.9,206.9,51.5,336.3,285.8,6.7
2025/1/19,0.8,0.81,305.1,207,51.7,336.2,285.8,6.5
2025/1/20,0.9,0.81,305.1,207,51.7,336.3,284.9,6.4
2025/1/21,0.9,0.81,305,207,51.7,336.5,281.8,6.5
2025/1/22,0.8,0.82,305.1,206.3,51.4,336.6,281.3,6.7
2025/1/23,0.9,0.82,304.8,207,51.3,336.6,284.3,6.7
2025/1/24,0.9,0.81,304.9,206.6,51.3,336.4,283.6,6.7
2025/1/25,0.9,0.8,305,207.4,51.2,335.8,280.3,6.8
2025/1/26,0.9,0.82,305.4,207,51.2,336,287.6,6.6
2025/1/27,0.8,0.8,305.8,207.1,51.1,336.7,289.9,6.9
2025/1/28,0.8,0.8,305.3,206.6,50.9,336,285.1,7
2025/1/29,0.8,0.8,305.3,206.9,51.4,335.7,287.1,6.7
2025/1/30,0.9,0.8,305.8,206.6,52,336.5,290.1,6.3
2025/1/31,0.9,0.81,305.8,206.8,52,336.7,286.6,6.3
2025/2/1,0.9,0.81,305.8,207,52.2,336.8,286.8,6
2025/2/2,0.8,0.81,305.5,206.8,52.3,336.5,284,6.3
2025/2/3,0.8,0.84,305.5,206.2,52.3,336.9,286.1,6.5
2025/2/4,0.8,0.97,305.2,206.7,52.3,336.6,290.3,6.3
2025/2/5,0.8,1.04,304.9,206.3,52.4,336.5,284.6,6.5
2025/2/6,0.9,1.05,304.7,206.3,52.3,336.6,286.9,6.2
2025/2/7,0.8,1.1,304.7,206.5,52.3,336.2,288.2,6.4
2025/2/8,0.8,1.1,304.4,205.6,52.3,336.5,297.8,6.1
2025/2/9,0.7,1.1,304.6,205.9,52.3,335.9,295,6.2
2025/2/10,0.7,1.13,304.4,205.3,52.3,335.8,291.1,6.3
2025/2/11,0.8,1.15,303.7,204.8,52.1,336.6,288.8,6.1
2025/2/12,0.7,1.16,303.8,205.7,52.2,335.7,291,5.9
2025/2/13,0.8,1.16,304.1,205.9,52.2,336,296.2,5.9
2025/2/14,0.7,1,304.4,206.1,52.2,336,296.1,5.8
2025/2/15,0.8,1.14,304.4,206.4,52.3,335.4,297.6,5.5
2025/2/16,0.8,1.1,304.8,207.2,52.3,335.6,297.3,5.5
2025/2/17,0.7,1.11,305.1,206.7,52.3,335.5,293.7,5.7
2025/2/18,0.7,1.16,304,205.3,52.2,335.1,298.3,6.1
2025/2/19,0.7,1.16,303.6,205.4,52,336.1,300.8,6.1
2025/2/20,0.7,1.15,303.6,205.9,52,335.6,300.4,6
2025/2/21,0.7,1.18,303.8,206,52,335.7,302.3,5.9
2025/2/22,0.7,1.19,303.8,206.3,52.1,335.2,305.1,5.9
2025/2/23,0.7,1.16,304.6,207,52.2,336.1,302.1,6
2025/2/24,0.7,1.16,304.6,206.5,52.2,334.9,303.8,6
2025/2/25,0.7,1.25,304.9,205.9,51.7,336.4,301.5,5.9
2025/2/26,0.7,1.25,304.7,206.1,51.7,336,301.6,5.9
2025/2/27,0.7,1.26,305.3,205.8,52.5,337.1,306.7,5.3
2025/2/28,0.7,1.3,305.5,206.8,52.5,337.5,303.2,5.5
2025/3/1,0.7,1.3,306.3,208.2,52.7,338.2,305.4,5.1
2025/3/2,0.7,1.3,306.2,207.8,52.7,338,301.5,5.1
2025/3/3,0.7,1.33,306.1,207.7,53.9,337.6,301.7,4.9
2025/3/4,0.7,1.46,305.3,206.6,53.8,337.8,300,5.2
2025/3/5,0.7,1.54,305.4,206.2,54,338.1,301.2,5.3
2025/3/6,0.7,1.52,305.2,206.4,54.1,337.8,308.7,5.5
2025/3/7,0.7,1.53,305.2,205.3,54,337.5,311.1,5.4
2025/3/8,0.7,1.54,305.6,206.3,54.4,337,307.8,5.4
2025/3/9,0.7,1.55,306.1,205.9,54.5,337.6,306.3,5.5
2025/3/10,0.7,1.56,306.2,205.1,54.5,337.9,306.6,5.5
2025/3/11,0.7,1.55,305.7,204.6,54.2,338.5,308,5.2
2025/3/12,0.7,1.54,305,206.5,53.9,337.7,307.2,5.1
2025/3/13,0.7,1.55,305.1,205.6,53.9,337,305.1,5.1
2025/3/14,0.7,1.54,305.1,206.1,53.8,337.1,305.4,5.1
2025/3/15,0.7,1.55,305.6,206.2,53.8,337,307.5,5.1
2025/3/16,0.7,1.54,306.1,207.4,53.8,337,308.9,5.7
2025/3/17,0.7,1.55,305.9,205.7,53.6,337.3,308.8,5.6
2025/3/18,0.7,1.51,305.5,206.2,53.4,337.6,309.1,5.8
2025/3/19,0.7,1.49,305.4,205.5,53.2,336.7,302.5,5.8
2025/3/20,0.7,1.52,305.1,205.7,52.7,336.8,303.6,5.5
2025/3/21,0.7,1.5,305.6,205.9,52.8,336.8,305.8,5.5
2025/3/22,0.7,1.5,305.1,205.1,53,336.1,307.1,5.4
2025/3/23,0.7,1.5,304.8,205.6,52.9,336.5,312.6,5.2
2025/3/24,0.7,1.5,305,205.4,52.8,336.8,309.9,5.4
2025/3/25,0.7,1.5,305,206.2,52.8,336.5,307.9,5.2
2025/3/26,0.7,1.5,305,205.5,52.8,336.4,304.7,5.1
2025/3/27,0.7,1.5,304.5,205.8,52.9,336.3,305.2,5
2025/3/28,0.7,1.52,304.9,205.5,52.8,335.8,316.3,5.7
2025/3/29,0.7,1.52,305.2,204.9,52.9,336.4,321,6.7
2025/3/30,0.7,1.52,304.9,205.4,53,336.5,316.2,6.9
2025/3/31,0.7,1.51,304.7,205,53,336,311.3,7.1
2025/4/1,0.6,1.51,304.6,204.8,53,336.1,313.8,6.9
2025/4/2,0.6,1.51,304.6,205.7,52.7,336.1,315.4,7.3
2025/4/3,0.7,1.52,304.6,206.4,52.8,335.8,315.4,7.3
2025/4/4,0.6,1.5,304.1,205.7,52.9,334.8,311.3,7.4
2025/4/5,0.6,1.5,304.7,206.5,52.9,335.2,317,7.1
2025/4/6,0.7,1.51,304.9,206.1,52.9,334.6,317.6,7
2025/4/7,0.6,1.51,305.2,205.1,52.8,334.5,317.5,6.9
2025/4/8,0.7,1.5,305.1,205.7,52.8,335.1,319.5,7
2025/4/9,0.7,1.5,304.9,205.1,52.8,335.3,322,6.9
2025/4/10,0.7,1.52,304.7,205.8,53,335.1,325.4,6.7
2025/4/11,0.7,1.49,305.2,206.1,52.4,335.5,325.3,6.8
2025/4/12,0.7,1.47,304.4,205.8,52.4,336.1,325.2,6.7
2025/4/13,0.7,1.48,304.4,206.8,52.6,335.6,325.7,7
2025/4/14,0.6,1.46,304.5,205.7,52.6,335.2,323.8,7
2025/4/15,0.7,1.42,304.5,205.6,52.5,335.4,320.8,7
2025/4/16,0.7,1.41,304.5,205.6,52.5,335.2,318.9,7
2025/4/17,0.6,1.41,304.4,205.4,52.3,335.7,316.6,6.9
2025/4/18,0.7,1.41,304.3,205.6,52.3,334.8,317.7,6.8
2025/4/19,0.6,1.45,304.6,206.7,52.3,334.6,318.2,6.7
2025/4/20,0.7,1.43,304.3,207,52.3,333.4,313.5,7.1
2025/4/21,0.6,1.42,303.9,205.6,52.4,334.3,317,6.9
2025/4/22,0.7,1.45,304.3,206.1,52.3,335.4,311.9,6.9
2025/4/23,0.7,1.47,303.9,206.2,52.2,334.8,312.7,6.9
2025/4/24,0.7,1.47,303.9,205.1,52.1,335,310.6,7
2025/4/25,0.7,1.47,304.1,205.3,52.1,335.2,315.6,7
2025/4/26,0.6,1.46,303.7,206.3,52.4,333.8,315.2,7.2
2025/4/27,0.6,1.43,303.2,206,52.3,334.4,312.9,7.3
2025/4/28,0.7,1.26,303.8,205.5,52.7,334.9,313,7.3
2025/4/29,0.6,1.55,303.8,205.3,53.1,335.2,318.8,7.2
2025/4/30,0.6,1.54,303.4,204.6,52.4,336,323.8,7
2025/5/1,0.6,1.54,302.9,205.9,52.9,335,322.4,6.9
2025/5/2,0.7,1.54,303.8,206.4,53,335.1,323.3,6.9
2025/5/3,0.6,1.53,303.9,205.5,53,335.2,320.3,6.8
2025/5/4,0.6,1.53,303.7,205.4,52.8,335.7,320.4,6.7
2025/5/5,0.6,1.43,303.6,205.2,52.9,336.1,317.7,6.9
2025/5/6,0.7,1.47,303.7,206,53,336.3,318.1,6.8
2025/5/7,0.6,1.48,303.9,206,53,334.9,316.3,6.9
2025/5/8,0.6,1.5,303.9,205.9,53,334.4,315.7,6.9
2025/5/9,0.7,1.51,303.7,205.8,52.9,334.7,317.7,6.7
2025/5/10,0.6,1.5,303.2,205.8,52.8,334.1,321.4,6.7
2025/5/11,0.6,1.5,303.7,205.8,52.4,336,332.8,6.5
2025/5/12,0.7,1.51,303.9,206,52.9,335.3,325.7,6.8
2025/5/13,0.7,1.52,303.8,205.3,52.8,335.2,321,7
2025/5/14,0.6,1.52,303.5,205.1,52.8,334.5,319,7
2025/5/15,0.7,1.52,303.8,206.5,52.9,335.2,320.4,6.9
2025/5/16,0.6,1.5,304,206.4,53,334.7,316.4,6.9
2025/5/17,0.7,1.51,304.2,205.8,53,334.8,321.5,6.5
2025/5/18,0.6,1.55,304.2,206,53.1,334.4,311.7,6.8
2025/5/19,0.7,1.51,304.1,205.7,53.1,334.9,310.6,6.9
2025/5/20,0.7,1.51,303.7,205.1,52.9,334.7,306.6,7
2025/5/21,0.6,1.5,303.6,205.5,52.8,335.2,311.2,6.8
2025/5/22,0.6,1.51,303,205.6,52.9,335.4,308.5,7
2025/5/23,0.7,1.5,302.5,206,52.8,335.4,307.5,7
2025/5/24,0.6,1.49,303.1,205.8,52.8,334.4,310.4,6.9
2025/5/25,0.6,1.51,304.1,206.6,53,334.5,310.9,7
2025/5/26,0.6,1.51,304.2,205.6,53,335.1,310.2,7.1
2025/5/27,0.7,1.51,303.2,204.9,52.7,334.9,307.8,7.2
2025/5/28,0.6,1.51,302.6,204.9,52.6,335.3,311.2,7
2025/5/29,0.7,1.51,302.5,204.8,52.5,335.7,313.4,7
2025/5/30,0.6,1.51,302.6,206.2,52.6,334.3,315.1,7.1
2025/5/31,0.6,1.49,302.9,206.5,53.4,331.8,311.5,7.1
2025/6/1,0.6,1.5,303.3,206.9,53.1,330.4,313.2,7.1
2025/6/2,0.7,1.52,303.5,205.9,53.1,330.8,314.4,7.1
2025/6/3,0.6,1.51,303.2,204.8,52.9,332.9,322.8,6.6
2025/6/4,0.6,1.5,303.3,205.4,52.5,334.7,320.9,6.8
2025/6/5,0.7,1.51,303.6,205.7,52.3,334.9,314.3,6.9
2025/6/6,0.6,1.52,303.7,205.8,52.4,333.9,316.4,6.7
2025/6/7,0.7,1.5,303.2,205,52.4,332.6,310,7.1
2025/6/8,0.6,1.51,303.6,205.8,52.5,333.2,310.4,7
2025/6/9,0.6,1.52,303.4,204.7,52,333.7,307.3,7
2025/6/10,0.7,1.53,303.3,206,52.4,334.6,318.2,6.5
2025/6/11,0.7,1.53,303.1,204,52.4,334.3,307.7,7.1
2025/6/12,0.6,1.52,302.8,204.1,52.3,333.4,313.3,7
2025/6/13,0.6,1.52,302,204,52.1,332.5,329.7,6.4
2025/6/14,0.7,1.53,302.7,205,52.4,332.5,312.9,7.2
2025/6/15,0.7,1.52,302.4,206.3,52.7,331.5,307.4,7.4
2025/6/16,0.7,1.52,302.2,204.8,52.7,331.8,311.8,7.1
2025/6/17,0.7,1.52,302.3,205.1,52.6,332.2,310.1,7.3
2025/6/18,0.6,1.53,302.9,205.6,52.7,333,317.6,7.2
2025/6/19,0.7,1.53,302.5,204.7,52.7,331.9,316.8,7.3
2025/6/20,0.7,1.53,301.9,205.6,52.6,330.3,319.1,7.2
2025/6/21,0.6,1.53,302.4,206.5,52.7,331.7,316.4,7.2
2025/6/22,0.7,1.52,302.1,205.4,52.7,330.1,313.9,7.2
2025/6/23,0.7,1.52,302.9,205.3,52.8,331.8,311.7,7
2025/6/24,0.6,1.54,303.8,205.1,53.4,333.2,310,7.2
2025/6/25,0.7,1.54,303,205.1,52.7,332,310.9,7
2025/6/26,0.7,1.56,303.7,205.3,53.3,332.8,311.7,7.1
2025/6/27,0.6,1.54,303.5,205.4,52.5,332.9,309.9,7
2025/6/28,0.7,1.53,303.5,206.1,52.3,332.1,305.4,6.9
2025/6/29,0.6,1.54,303.3,205.7,52.3,331.4,315,6.6
2025/6/30,0.6,1.54,303.2,205,52.6,333,313.8,6.6
2025/7/1,0.7,1.54,302.5,205.3,52.2,333.9,306.1,6.9
2025/7/2,0.7,1.55,303,205.4,52.1,333.2,309.6,7
2025/7/3,0.7,1.55,303.1,204.4,52.1,333.5,317,6.4
2025/7/4,0.7,1.55,300.5,203.6,52.2,329.9,310,6.8
2025/7/5,0.7,1.55,302,204.9,52.7,332.5,316.8,6.7
2025/7/6,0.7,1.55,302.5,202.9,52.6,335.4,350.7,5.4
2025/7/7,0.7,1.55,302.6,205.5,52.1,333.1,333.7,7.1
2025/7/8,0.7,1.54,303.8,204.9,52.6,333.6,332.3,7.1
2025/7/9,0.7,1.54,303.6,204.9,52.4,333.9,323.4,7.6
2025/7/10,0.7,1.54,302.9,203.7,52.4,334,339.5,6.7
2025/7/11,0.7,1.54,303,205.7,52.4,332.7,318.4,7.5
2025/7/12,0.7,1.53,302.2,206.3,52.7,330.7,303.7,6.5
2025/7/13,0.7,1.52,302.2,206.4,52.8,330.6,303.8,6.4
2025/7/14,0.7,1.53,303,205.2,52.8,332.7,302.9,6.4
2025/7/15,0.7,1.54,302.5,204.9,52.8,332.5,306,6.4
2025/7/16,0.7,1.54,302.5,204.9,52.5,332.8,311.9,6.7
2025/7/17,0.7,1.54,302.3,204.5,52.8,332.7,319.5,6.5
2025/7/18,0.7,1.52,302,206.1,52.9,332.8,320.9,6.3
2025/7/19,0.7,1.52,301.9,206.5,53,330.7,319.3,6.4
2025/7/20,0.7,1.53,302.4,206.9,53.1,331.6,315.2,6.6
2025/7/21,0.7,1.53,302.6,205,53.2,332.6,311.5,6.8
2025/7/22,0.7,1.52,302.2,204.9,53.1,332.8,311.6,6.7
2025/7/23,0.7,1.52,302.1,205.1,53,332.7,307.9,6.7
2025/7/24,0.7,1.53,302.3,205.5,52.9,332.8,308,6.7
2025/7/25,0.7,1.52,302.4,205.7,52.9,332.5,311.6,6.5
2025/7/26,0.7,1.52,302,205.7,53,331.5,309.9,6.5
2025/7/27,0.7,1.52,302.5,206.3,53,332.2,310.7,6.6
2025/7/28,0.7,1.52,302.4,205.9,52.9,332.9,328.7,6.3
2025/7/29,0.7,1.43,298.4,202.2,52.9,328,318.6,7.7
2025/7/30,0.7,1.01,300.7,208.4,53.6,329.8,302.4,8.5
2025/7/31,0.7,1.4,303,205.3,53.4,334.4,316.6,7.5
2025/8/1,0.7,1.45,302.6,205.3,53.3,334.3,319.3,7.2
2025/8/2,0.7,1.45,302.1,205.6,53,333.9,312.8,7.4
2025/8/3,0.7,1.47,302,205.5,52.8,334.3,315.5,7.5
2025/8/4,0.7,1.46,302.2,205.1,52.9,334.2,319,7.4
2025/8/5,0.7,1.49,302.5,205.3,52.9,333.8,311.5,7.6
2025/8/6,0.7,1.5,302.3,204.5,52.7,333.9,314,7.7
2025/8/7,0.7,1.48,302.2,205.2,52.4,334,318.4,7.5
2025/8/8,0.8,1.48,302.3,205.4,52.6,333.8,325.4,7.1
2025/8/9,0.8,1.49,302.7,206.1,52.7,333.7,323.3,7.3
2025/8/10,0.7,1.51,303.3,206.7,52.9,333.8,323.1,7.2
2025/8/11,0.7,1.52,303.4,205.6,53.3,333.7,319.5,7
2025/8/12,0.8,1.49,302.9,205.5,52.9,333.8,318.5,7
2025/8/13,0.8,1.5,302.7,204.9,52.4,334.4,340.4,5.9
2025/8/14,0.7,1.52,302.8,205.2,52.2,334.2,321.8,6.9
2025/8/15,0.8,1.52,302.8,205.5,52.2,333.9,328.7,6.7
2025/8/16,0.8,1.49,303.3,206,52.7,333.7,322.4,7.1
2025/8/17,0.7,1.51,304,206,52.7,333.7,319.9,7.2
2025/8/18,0.7,1.52,303.7,205.6,52.1,333.8,325.1,6.9
2025/8/19,0.7,1.52,303.5,205.8,52.2,333.7,319.1,7.1
2025/8/20,0.7,1.52,303.2,205.3,52.3,333.1,318.3,5.7
2025/8/21,0.7,1.51,303.1,205.5,52.4,334,315,6.1
2025/8/22,0.7,1.51,303.1,205.6,52.4,334.1,312.2,6
2025/8/23,0.7,1.53,302.6,206.1,52.4,332.8,307.3,6.2
2025/8/24,0.8,1.54,302.6,206.8,52.5,331.9,307.6,6.3
2025/8/25,0.7,1.51,302.8,206,52.6,331.3,312.8,6.1
2025/8/26,0.7,1.52,302.5,205.7,52.5,332.5,321.1,6
2025/8/27,0.8,1.53,302.3,206.1,52.5,332.5,321.1,5.8
2025/8/28,0.7,1.53,302.2,205.8,52.4,333.5,319.8,5.8
2025/8/29,0.7,1.52,302.7,206.1,52.5,333.8,316.8,6
2025/8/30,0.7,1.52,303.2,207.3,52.6,332.5,313.5,6.2
2025/8/31,0.7,1.52,303.4,207.2,52.7,331.7,317.4,6
2025/9/1,0.7,1.53,303.2,205.8,52.7,332.9,321.3,5.8
2025/9/2,0.7,1.51,302.8,206.1,53,332.3,326.3,5.6
2025/9/3,0.7,1.52,298.8,206.1,53.3,322.8,309.1,6.5
2025/9/4,0.7,1.5,300.7,206.5,53.3,325.3,314.5,6.3
2025/9/5,0.8,1.5,304.4,206.2,53.3,333.5,327.2,5.3
2025/9/6,0.7,1.53,304.1,206.6,53.3,332.9,325.2,5.3
2025/9/7,0.7,1.53,304.3,206.3,53.3,333.3,322.7,5.6
2025/9/8,0.7,1.52,303.6,206,53.3,332,321.2,5.6
2025/9/9,0.8,1.52,303.5,206.2,53.3,332.5,325.7,5.6
2025/9/10,0.8,1.52,303.5,206,53.3,332.1,325.2,5.8
2025/9/11,0.7,1.52,303.2,205.8,53.3,331.5,321.5,6
2025/9/12,0.7,1.51,303.7,206.1,52.9,332.6,328.1,5.7
2025/9/13,0.7,1.54,303.8,206.4,52.7,332.5,327.8,5.5
2025/9/14,0.7,1.51,303.9,206.5,52.7,332.7,323.9,5.7
2025/9/15,0.8,1.51,304,206.3,52.7,333.3,317.2,5.8
2025/9/16,0.7,1.54,303.6,206.2,52.7,332.1,315.8,6
2025/9/17,0.8,1.52,303.9,206.6,52.7,332.6,317,6
2025/9/18,0.8,1.47,304.1,206.9,52.7,332.9,314.3,6
2025/9/19,0.7,1.47,303.8,206.6,52.7,332.1,312.5,6.2
2025/9/20,0.7,1.43,304.1,207,52.8,331.9,310.1,6.1
2025/9/21,0.7,1.45,303.7,206.6,52.7,331.9,314.2,5.7
2025/9/22,0.7,1.36,303.5,205.7,53.1,332.3,297.1,6.7
2025/9/23,0.7,1.38,303.7,205.9,52.9,333,308.4,5.8
2025/9/24,0.8,1.34,303.5,205.9,52.8,333.1,305,5.9
2025/9/25,0.8,1.34,303.7,206.1,52.7,333.9,300.7,5.8
2025/9/26,0.8,1.34,303.2,206.1,52.7,332.6,301.5,5.6
2025/9/27,0.7,1.33,303.8,205.9,52.6,333,301.7,5.6
2025/9/28,0.8,1.33,303.5,205.9,52.3,332.6,302.6,5.5
2025/9/29,0.7,1.34,303.7,206.2,52.2,333.3,302,5.6
2025/9/30,0.7,1.31,303.4,206.5,52.3,332.5,301.1,5.7
2025/10/1,0.8,1.32,302.9,206.2,52.5,332.1,292.6,8
2025/10/2,0.8,1.35,304.1,206.6,52.9,333.5,292.7,7.4
2025/10/3,0.8,1.35,303.4,206.2,52.7,333.4,287.7,6.9
2025/10/4,0.8,1.34,303.4,206.2,52.7,333.4,287.7,6.9
2025/10/5,0.8,1.32,302.3,205.8,51.3,332.1,288,7.1
2025/10/6,0.8,1.32,304.2,206.8,51.8,334.1,288.4,6.8
2025/10/7,0.8,1.32,303.4,205.8,52.4,332.5,292.4,6.9
2025/10/8,0.8,1.32,303,206.4,51.7,333.3,289.9,7.1
2025/10/9,0.7,1.34,303.7,206.8,52,333,293.1,6.5
2025/10/10,0.7,1.35,304.3,207.2,52.1,333.3,291.7,6.5
2025/10/11,0.7,1.36,304.5,207.6,52.5,332.7,290.3,6.6
2025/10/12,0.8,1.28,304.3,207.2,52.7,332,296.2,6.6
2025/10/13,0.8,1.35,304.7,206.3,52.6,333.7,290.6,6.7
2025/10/14,0.7,1.43,304.5,206.2,52.6,334.2,291.2,6.5
2025/10/15,0.7,1.46,304.6,206.3,52.9,334.4,290.7,6.8
2025/10/16,0.8,1.48,304.3,205.8,52.6,334.5,289.8,6.7
2025/10/17,0.8,1.47,304.1,206.5,52.7,333.7,293.4,6.5
2025/10/18,0.7,1.48,304.3,207,52.7,333.5,295.9,6.4
2025/10/19,0.8,1.48,304.3,207.5,52.9,332.6,300,6.4
2025/10/20,0.7,1.49,303.9,206.1,52.7,332.8,294.5,6.5
2025/10/21,0.8,1.48,303.7,206,52.6,333.8,297.1,6.6
2025/10/22,0.7,1.48,303.5,205.8,52.7,333.5,299.3,6.4
2025/10/23,0.7,1.48,303.4,206,52.6,333.3,298.3,6.2
2025/10/24,0.8,1.49,303.5,206.1,52.4,333,301,6.4
2025/10/25,0.7,1.5,303.7,206.1,52.9,332.9,304.6,6.2
2025/10/26,0.8,1.51,303.8,206.1,51.9,333.5,304.1,6.2
2025/10/27,0.7,1.48,303.6,206.1,52.1,333.4,303,6.3
2025/10/28,0.7,1.45,303.5,205.9,52.2,333.5,301,6.4
2025/10/29,0.8,1.44,303.2,206.3,51.8,332.7,301.2,6.4
2025/10/30,0.7,1.43,302.4,206.2,52.5,332.3,305.2,6.1
2025/10/31,0.8,1.41,302.6,205.9,52.6,334.9,304.9,7.2
2025/11/1,0.2,0.22,143.7,112.8,13.6,169.1,26.1,19.4
2025/11/2,0,0,74,61.4,0,91.2,0.3,20.5
2025/11/3,0,0,***,47,0,34.6,0.3,20.5
2025/11/4,0.2,0,***,37.5,0,***,0.3,20.6
2025/11/5,0.2,0,36,32.5,0,28.5,0.3,20.6
2025/11/6,0.1,0,34,32.2,0,35,0,20.5
2025/11/7,0.1,0.08,139.9,81.4,30.9,133,0,18.4
2025/11/8,0.2,0.31,210.1,104,26.7,184.4,0,16.8
2025/11/9,0.2,1.02,278.7,189.3,55.5,297.6,209.1,10.7
2025/11/10,0.9,1.24,299.2,208.1,53.7,334,248,8.4
2025/11/11,0.9,1.31,304.1,205,52.8,336.6,285.1,8.1
2025/11/12,0.9,1.32,305.4,207.1,52.5,337.8,312.7,7.8
2025/11/13,0.9,1.33,305.8,207.2,52.1,336.8,305.7,8
2025/11/14,0.9,1.47,306,207.3,53.3,338.8,332.2,6.8
2025/11/15,0.9,1.5,305.6,206.8,53.5,338.6,326.4,7.1
2025/11/16,0.9,1.51,305.9,207,53.3,338.5,328.7,7
2025/11/17,0.9,1.51,305.4,207,53,338.4,330.3,6.9
2025/11/18,0.9,1.5,305.3,206.5,52.7,338.1,329.8,7.2
2025/11/19,0.9,1.49,305.4,206.4,52.7,338.2,328.6,7.5
2025/11/20,0.9,1.51,305.3,206.6,52.6,338.1,327.2,7.5
2025/11/21,0.9,1.48,304.7,206.5,52.4,338.3,329.4,7.2
2025/11/22,0.9,1.5,305.2,206.8,52.5,338.3,330.3,7.1
2025/11/23,0.9,1.5,304.6,205.9,52.5,338.5,326.9,7.1
2025/11/24,0.9,1.5,304.4,206.4,52.4,338.3,329.3,7.1
2025/11/25,0.9,1.5,304.2,206.8,52.4,337.4,330.2,7.2
2025/11/26,0.9,1.5,304.4,206.6,52.5,338.1,330.4,7.3
2025/11/27,0.9,1.52,304.6,206.5,52.4,338.2,326.8,7.5
2025/11/28,0.9,1.42,304.4,206.2,52.2,338.3,324,7.9
2025/11/29,0.9,1.45,304.4,206.5,52.2,338.8,322.1,7.7
2025/11/30,0.8,1.47,304,206.6,52.3,338.7,319.7,7.8
2025/12/1,0.8,1.52,304,206.6,52.3,336.8,319.7,7.8
2025/12/2,0.8,1.53,302.8,205.5,52.4,334.7,307.4,6.4
2025/12/3,0.8,1.54,303.5,205.7,51.9,335.1,305.7,6.6
2025/12/4,0.9,1.55,303.6,205.5,51.9,335,309.1,6.4
2025/12/5,0.8,1.55,303.5,205.9,51.9,335.6,308.6,6.3
2025/12/6,0.9,1.55,303.7,205.8,51.9,335.6,308.7,6.1
2025/12/7,0.9,1.55,304,206.4,52,335.8,308,6.1
2025/12/8,0.8,1.55,303.9,205.9,51.9,335.7,306,6.2
2025/12/9,0.9,1.55,303.8,206.5,52.3,335.5,307.1,6.2
2025/12/10,0.8,1.53,304.1,207.2,52.8,335.9,302.5,5.9
2025/12/11,0.9,1.52,304,207.2,52.8,336.6,298.9,5.9
2025/12/12,0.8,1.52,303.6,207.1,52.5,337.2,294.9,5.8
2025/12/13,0.8,1.52,304,206.6,52.3,336.6,319.7,7.8
2025/12/14,0.8,1.52,304.6,207.6,52.2,336.9,306.9,5.7
2025/12/15,0.9,1.52,304.3,207.2,52.1,336.5,305.9,5.7
2025/12/16,0.8,1.49,303.7,207.1,51.2,337,302.6,5.7
2025/12/17,0.8,1.49,303.6,207.1,51.1,335.8,306.4,6
2025/12/18,0.7,1.46,303.4,207.4,51.1,334.8,304.9,6
2025/12/19,0.7,1.47,303.3,207.6,51.5,333.9,312.1,5.9
2025/12/20,0.8,1.45,303.1,207.5,51.6,333.5,318.9,5.9
2025/12/21,0.7,1.47,302.8,207.4,51.5,334.2,321.9,5.8
2025/12/22,0.7,1.48,302.5,207.1,51.5,333.8,317.7,6
2025/12/23,0.7,1.45,303.3,207.6,52.8,333.9,319.6,5.8
2025/12/24,0.7,1.45,303.4,207.7,53.6,333.4,316.1,5.7
2025/12/25,0.7,1.45,303.7,208.3,53.6,333.2,322.6,5.7
2025/12/26,0.8,1.45,303.4,206.3,53.4,332.7,321.4,5.8
2025/12/27,0.8,1.46,303.9,206.7,53.4,333.3,320.6,5.6
2025/12/28,0.8,1.46,304.1,206.6,53.4,333.3,319.7,5.5
2025/12/29,0.7,1.46,303.1,206.2,53.1,334.2,315.5,5.6
2025/12/30,0.7,1.4,302.2,206.7,52.5,333.4,310.5,5.9
2025/12/31,0.7,1.38,302.8,206.3,52.2,333,312.1,6
2026/1/1,0.8,1.39,303.6,206.5,52.2,333.4,316.6,5.9
2026/1/2,0.7,1.39,304.1,207.5,52.4,333.2,317.4,6.2
2026/1/3,0.8,1.41,303.8,206.9,52.3,332.8,317.5,6.1
2026/1/4,0.7,1.41,303.8,206.7,52.3,333,315.6,6.1
2026/1/5,0.8,1.39,303.9,206,51.9,333.8,311.2,6.2
2026/1/6,0.7,1.39,304,206.1,51.8,334.1,315.3,6.2
2026/1/7,0.8,1.4,303.9,206.3,51.6,333.2,315.8,6.1
2026/1/8,0.7,1.41,304,206,51.8,333.1,321.2,6.2
2026/1/9,0.6,1.4,303.8,205.7,51.8,332.8,326.1,6.1
2026/1/10,0.7,1.39,304.4,206.2,51.8,333.3,327.2,5.9
2026/1/11,0.6,1.4,305,206.2,51.8,334.3,329.4,5.8
2026/1/12,0.6,1.4,304.5,206.1,51.7,333.7,330.5,5.9
2026/1/13,0.6,1.4,304.3,205.6,51.5,333.4,330.7,6
2026/1/14,0.7,1.4,304,205.9,51.1,332.8,326.5,6.1
2026/1/15,0.7,1.39,304.3,206.4,50.9,333,329.9,5.8
2026/1/16,0.6,1.4,303.3,205.9,50.7,331.2,323.8,5.9
2026/1/17,0.7,1.4,302.3,205.3,51,329.2,315.9,6.1
2026/1/18,0.6,1.4,302,205.4,51.1,328.4,321.4,5.8
2026/1/19,0.6,1.43,301.9,205,51.1,328.9,321,5.9
2026/1/20,0.7,1.42,302.5,205.6,51.1,330.4,317.2,6.3
2026/1/21,0.7,1.44,303.1,205.6,51.1,331.1,316.6,6.3
2026/1/22,0.7,1.45,301.6,205.4,51.2,328.9,312.3,6.6
2026/1/23,0.7,1.45,301.4,205.4,51.2,328.7,312,6.6
2026/1/24,0.7,1.43,301.8,205.4,51.3,328.6,314.2,6.3
2026/1/25,0.6,1.43,302.7,205.6,51.3,329.6,312.1,6.2
2026/1/26,0.7,1.45,302.1,205.3,51.3,328.6,311.4,6.2
2026/1/27,0.7,1.43,302.1,205.6,51.2,328.8,309,6.3
2026/1/28,0.7,1.44,302,205.5,51.2,328.7,309.4,6.3
2026/1/29,0.7,1.44,302,206,51.1,328.6,309.1,6.3
2026/1/30,0.7,1.47,304.3,206.2,51.1,333.6,325.9,5.5
2026/1/31,0.7,1.47,304.3,205.9,51.4,333.7,329.2,5.8
2026/2/1,0.7,1.47,304.4,206.2,51.3,333.9,327.1,6
2026/2/2,0.7,1.49,304.4,206.2,51.3,333.6,329.9,6
2026/2/3,0.7,1.48,304.6,206.2,51.3,333.7,330.3,6
2026/2/4,0.7,1.48,304.2,205.8,51.3,333.5,327,5.9
2026/2/5,0.7,1.49,304.3,206.2,51.4,333.4,320,6
2026/2/6,0.7,1.49,304.8,203.4,51.4,333.4,324.6,7.2
2026/2/7,0.7,1.49,305,205.7,51.4,333.9,329.9,8
2026/2/8,0.7,1.49,305,206,51.4,334.2,324.8,7.7
2026/2/9,0.7,1.47,304.6,206.1,51.3,333.6,323.6,6.2
2026/2/10,0.7,1.45,303.2,205.8,50.9,333.1,316.3,6.3
2026/2/11,0.7,1.45,303.5,206,51.8,332.9,317.4,6.2
2026/2/12,0.7,1.43,303.9,206.5,52.2,333.2,318.1,6.1
2026/2/13,0.7,1.43,304.2,206.3,52.3,334,323.7,5.7
2026/2/14,0.7,1.44,303.8,206.4,52.3,333.2,321.6,5.9
2026/2/15,0.7,1.44,304.4,206.4,52.4,333.6,315.4,6.1
2026/2/16,0.7,1.44,304.7,205.9,52.4,334.1,319.9,5.9
2026/2/17,0.7,1.44,304.6,205.8,52.2,334.2,320.8,6.1
2026/2/18,0.7,1.44,304.1,205.9,50.4,334.4,319.2,6.3
2026/2/19,0.7,1.44,304.1,206,50.3,333.9,321.5,6.2
2026/2/20,0.7,1.45,304.3,206.2,50.3,334.4,320.7,6.1
2026/2/21,0.7,1.43,304.7,206.6,52,334.4,325.4,5.5
2026/2/22,0.7,1.43,304.8,205.9,52.3,334.7,317.7,5.8
2026/2/23,0.8,1.46,304.4,206,52,334.2,325.3,5.3
2026/2/24,0.8,1.46,304.3,205.9,52,334.7,323.4,5.4
2026/2/25,0.8,1.46,303.9,205.9,52,334.8,321.5,5.7
2026/2/26,0.8,1.46,304.2,206.3,52.1,334.9,320.1,5.8
2026/2/27,0.8,1.46,304.3,206.2,52.2,334.2,318.5,5.8
2026/2/28,0.8,1.48,304.8,206.2,52.1,334.8,322.6,5.7
2026/3/1,0.8,1.49,304.7,206.1,52.1,334.3,322.1,5.5
2026/3/2,0.8,1.1,288.3,198.2,52.6,315.2,278.1,7.4
2026/3/3,0.8,1.44,303.7,205.6,52.1,334.1,316.6,5.4
2026/3/4,0.8,1.43,304.1,206.1,52.2,334.7,321.9,5.3
2026/3/5,0.8,1.49,304.8,205.9,52.1,336.8,321.7,5.4
2026/3/6,0.8,1.52,304.4,206.3,51.9,337.2,328.9,5.7
2026/3/7,0.9,1.49,304.1,206.5,51.9,338.3,334.1,6
2026/3/8,0.8,1.5,304.5,206.2,51.9,336.9,330,6.3
2026/3/9,0.8,1.5,304.7,206.1,52,337,321.6,6.7
2026/3/10,0.9,1.51,304.6,206,52,337.1,319.5,6.9
2026/3/11,0.9,1.51,304.5,206.1,52,337.7,318.4,6.8
2026/3/12,0.9,1.5,304.4,205.9,52,337.3,317.3,6.9
2026/3/13,0.9,1.5,304.7,206.4,52,337.6,316.6,7
2026/3/14,0.8,1.5,304.9,206.3,52,337,316.3,6.8
2026/3/15,0.8,1.5,305.1,206,52,337.6,318.6,6.7
2026/3/16,0.9,1.51,304.8,206,52.1,337.1,314.5,6.8
2026/3/17,0.9,1.51,305.1,206.2,52.1,337.2,309.1,6.8
2026/3/18,0.9,1.51,305.1,206.3,52.1,337.1,307.3,6.6
2026/3/19,0.8,1.53,305.1,206,50.7,338.9,306,6.6
2026/3/20,0.8,1.54,304.8,206.1,51.6,337.1,314.1,6.2
2026/3/21,0.8,1.52,305.3,206.3,52.4,337.9,309.5,6.4
2026/3/22,0.8,1.53,305.2,206,52.4,337,313.6,6.4
2026/3/23,0.9,1.5,305.1,206.2,52.5,337.4,310.2,6.3
2026/3/24,0.9,1.53,304.3,205.4,52.4,337.1,313.8,6
2026/3/25,0.9,1.52,304.7,206.4,52.5,337.3,317.8,6
2026/3/26,0.9,1.53,304.8,206,52.7,337.3,318.2,6
2026/3/27,0.9,1.53,304.8,206.1,52.7,337.2,311.2,6.4
2026/3/28,0.9,1.53,305.2,206.2,52.9,337.4,317.7,6
2026/3/29,0.9,1.52,305.3,206.3,53,337.5,310.9,6.3
2026/3/30,0.9,1.52,305.3,206,52.9,336.8,312.3,6.2
2026/3/31,0.9,1.52,305.5,206,52.9,337.7,308.4,6.4
2026/4/1,0.8,1.52,305.3,206.4,52.8,337.1,321.8,6
2026/4/2,0.8,1.53,304.8,206.1,52.8,337.2,321.2,6.1
2026/4/3,0.9,1.51,305.1,206.6,52.9,337.2,315.6,6.4
2026/4/4,0.9,1.51,304.9,206.2,52.9,337,327,5.8
2026/4/5,0.8,1.51,305.1,206.3,52.9,336.9,316.7,6.2
2026/4/6,0.9,1.51,305.1,206.1,52.9,336.9,316.4,6.4
2026/4/7,0.9,1.51,304.8,205.8,52.6,337.2,319.6,5.9
2026/4/8,0.8,1.52,303.2,205.9,52.5,337.7,315.4,6.2
2026/4/9,0.8,1.52,303.4,206.2,52.6,337.9,317.1,6.3
2026/4/10,0.9,1.52,304.4,206.3,52.7,338.1,320.4,6.2
2026/4/11,0.8,1.52,304.4,206.6,52.6,336.9,311.5,6.6
2026/4/12,0.8,1.52,304.9,206.7,52.6,336.3,311.1,6.5
2026/4/13,0.8,1.53,304.4,205.8,52.5,336.5,316.1,6.2
2026/4/14,0.9,1.51,304.4,206.1,53.9,337,320.7,6
2026/4/15,0.9,1.51,304.1,206.3,54,335.9,312.3,6.4
2026/4/16,0.9,1.54,304.5,206.2,54,335.5,312.7,6.5
2026/4/17,0.9,1.55,304.7,206.2,53.8,335.1,312.2,6.6
2026/4/18,0.9,1.53,304.5,206.3,53.8,335.7,310.3,6.5
2026/4/19,0.9,1.53,304.7,206.3,53.7,335.1,310.9,6.5
2026/4/20,0.9,1.53,305.2,206.3,53.9,335.3,305.9,6.6
2026/4/21,0.9,1.54,305.4,206.1,53.8,336,305.4,6.5
2026/4/22,0.9,1.43,303,204.5,53.4,334.1,297.4,6.9
2026/4/23,0.9,1.33,304.8,206.4,53.2,334.2,301.1,6.5
2026/4/24,0.9,1.36,305.7,206.6,54.2,334.7,310.5,6.2
2026/4/25,0.9,1.32,305.4,206.1,54.1,335,315.7,6.2
2026/4/26,0.7,0.95,261.8,178.6,56.2,281.8,222.7,10.4
2026/4/27,0.3,0.68,212,137,58.2,226.8,189.6,13.1
2026/4/28,0.9,1.43,304.9,206.2,54.6,334.9,314.9,7.7
2026/4/29,0.9,1.45,305.2,205.8,54.7,335.7,317.3,6.8
2026/4/30,0.9,1.47,305.1,206.3,54.9,335.1,318.6,6.8
2026/5/1,0.9,1.48,305.6,206.3,55,336.1,322.5,6.7
2026/5/2,0.9,1.42,305.3,206.5,55,336.3,320,6.6
2026/5/3,0.9,1.4,305.1,206.3,54.9,336.7,323.4,6.2
2026/5/4,0.9,1.37,305.1,206.3,54.9,336.2,318.6,6.6
2026/5/5,0.9,1.39,304.7,206.3,54.9,334,310.9,6.7
2026/5/6,0.9,1.35,304.3,206.2,54.8,332.9,311.2,6.6
2026/5/7,0.9,1.45,304.4,206.2,54.8,332.6,305.1,7.2
2026/5/8,0.9,1.48,304.2,206.3,54.4,331.5,300.7,7.5
2026/5/9,0.9,1.5,303.8,206.3,53.8,332.1,305.5,7.2
2026/5/10,0.9,1.5,304.1,206.1,53.9,333.2,304.5,7.1
2026/5/11,0.9,1.5,304.1,206.3,54.2,332.4,305.6,7
2026/5/12,0.9,1.51,304.3,206.3,54.3,332.3,306.5,7
2026/5/13,0.9,1.52,303.8,205.9,54.3,332.3,305.3,7
2026/5/14,0.9,1.49,304.4,206.3,54.4,332.5,304.4,6.9
2026/5/15,0.9,1.5,303.1,206,54.4,331.5,300.4,7
2026/5/16,0.9,1.52,304.4,206.3,54.3,332.5,303.4,6.7
2026/5/17,0.9,1.52,304.5,206.2,54.3,332.8,303.2,6.8
2026/5/18,0.9,1.51,303.4,206.2,54.2,333.1,306.3,6.8
2026/5/19,0.9,1.5,303.6,206.7,54.5,332.9,304.7,6.9
2026/5/20,0.9,1.51,304.4,208.1,54.5,333.5,302.1,6.9
2026/5/21,1,1.53,304.7,208.1,54.6,333.1,295.5,6.6
2026/5/22,1,1.51,304.2,206.8,54.6,332.9,296.6,6.4
2026/5/23,1,1.51,304.2,206.7,54.6,332.9,295,6.4
2026/5/24,1,1.54,304.7,207.1,54.6,333.4,298.1,6.2
2026/5/25,1,1.53,305.8,207.3,54.6,335,300,6
2026/5/26,1,1.51,305.8,207,54.6,335,298.3,6.1
2026/5/27,1,1.51,305.8,207,54.7,334.5,298.4,6.2
2026/5/28,1,1.51,306.09,207.23,54.72,334.7,301.61,6.07
2026/5/29,1,1.53,306.44,207.29,54.79,335.53,302.77,6.01
2026/5/30,1,1.53,305.9,206.76,54.67,335.96,305.9,5.71
2026/5/31,1,1.53,305.63,206.61,54.62,335.52,307.52,5.67
2026/6/1,0.91,1.51,305.55,207.34,54.55,333.05,305.92,6.18
2026/6/2,0.9,1.52,304.9,207.22,54.39,333.11,302.51,6.28
2026/6/3,0.84,1.54,303.58,207.59,54.46,332.04,298.21,6.26
2026/6/4,0.8,1.51,303.22,206.64,54.27,330.85,307.66,5.87
2026/6/5,0.88,1.5,303.6,207.07,54.07,331.49,308.7,5.7
2026/6/6,0.9,1.51,303.81,207.88,54.78,332.43,299.97,5.95
2026/6/7,0.9,1.53,304.42,206.04,54.99,333.64,305.55,5.83
2026/6/8,0.9,1.52,304.85,207.4,55.07,333.89,307.92,5.88
2026/6/9,0.9,1.5,305.11,207.31,54.27,334.66,315.56,5.72
2026/6/10,0.9,1.51,304.88,208.07,54.12,334.22,313.27,5.86
2026/6/11,0.9,1.52,304.69,207.95,54.06,333.88,307.88,6.15
2026/6/12,0.9,1.51,304.8,208.05,54.08,333.4,308.26,6.04
2026/6/13,0.9,1.52,304.44,207.33,54.13,334.05,306.89,5.97
2026/6/14,0.9,1.53,304.32,206.04,53.94,335.3,311.11,5.57
2026/6/15,0.9,1.51,304.04,207.4,53.93,333.5,310.88,5.5
2026/6/16,0.9,1.51,304.39,208.42,54.19,333.18,300.55,6.2
2026/6/17,0.81,1.5,304.01,207.66,53.4,332.09,298.78,6.54
2026/6/18,0.8,1.5,304.16,207.76,52.92,333,309.51,6.16
2026/6/19,0.8,1.49,303.03,207.23,53.02,333.24,300.21,6.67
2026/6/20,0.8,1.5,302.29,207.13,52.98,333.67,302.01,6.55
2026/6/21,0.8,1.52,302.72,207.41,52.9,333.91,301.07,6.64
2026/6/22,0.8,1.5,303.27,208.13,53.03,332.15,304.46,6.39
2026/6/23,0.8,1.48,304.63,208.42,53.06,333.09,307.69,6.29
2026/6/24,0.8,1.49,305.03,207.91,53.05,332.76,315.27,6.09
2026/6/25,0.8,1.5,303.95,204.84,53.08,334.03,332.43,6.39
2026/6/26,0.71,1.52,304.27,206.83,53.14,334.75,328.77,6.39
2026/6/27,0.7,1.49,303.38,207.25,53.22,334.48,309.59,6.54
2026/6/28,0.7,1.48,303.6,207.85,53.25,334.85,305.3,6.66
2026/6/29,0.7,1.5,303.36,206.74,53.31,334.35,313.25,6.37
2026/6/30,0.69,1.5,303.04,206.82,52.53,333.71,298.72,6.12
